Title,URL,Summary,Published Date,Source,Author
InDrive has big plans to become a global ‘super app’ where others have failed,https://techcrunch.com/2025/09/08/indrive-has-big-plans-to-become-a-global-super-app-where-others-have-failed/,,2025-09-08 09:02:15,techcrunch.com,Jagmeet Singh
Uber and Momenta to test autonomous vehicles in Germany in 2026,https://techcrunch.com/2025/09/07/uber-and-momenta-to-test-autonomous-vehicles-in-germany-in-2026/,,2025-09-08 09:02:15,techcrunch.com,Rebecca Bellan
Microsoft says Azure affected after cables cut in the Red Sea,https://techcrunch.com/2025/09/07/microsoft-says-azure-affected-after-cables-cut-in-the-red-sea/,,2025-09-08 09:02:15,techcrunch.com,Anthony Ha
Are bad incentives to blame for AI hallucinations?,https://techcrunch.com/2025/09/07/are-bad-incentives-to-blame-for-ai-hallucinations/,,2025-09-08 09:02:15,techcrunch.com,Anthony Ha
Koah raises $5M to bring ads into AI apps,https://techcrunch.com/2025/09/07/koah-raises-5m-to-bring-ads-into-ai-apps/,,2025-09-08 09:02:15,techcrunch.com,Anthony Ha
Verge Deals,https://www.theverge.com/2024/9/20/24249294/verge-deals-newsletter-subscribe-tech-discounts,,2025-09-08 09:02:20,theverge.com,
noncompete ban,https://www.theverge.com/2024/4/23/24138559/ftc-noncompete-agreement-ban,,2025-09-08 09:02:20,theverge.com,
already blocked by a court,https://www.theverge.com/2024/8/21/24225112/ftc-noncompete-agreement-ban-blocked-judge,,2025-09-08 09:02:20,theverge.com,
Most Recent,https://www.wired.com/most-recent/,,2025-09-08 09:02:24,wired.com,
Subscriber Exclusives,https://www.wired.com/v2/offers/wir_edit_hardcoded?source=Site_0_HCL_WIR_EDIT_HARDCODED_HOMEPAGE_MODULE_0_GLOBAL_JULY_2025_NEW_OFFER_ZZ,,2025-09-08 09:02:24,wired.com,
WIRED Classics,https://www.wired.com/newsletter/classics,,2025-09-08 09:02:24,wired.com,
What to expect (and not expect) from yet another September Apple event,https://arstechnica.com/gadgets/2025/09/what-to-expect-and-not-expect-from-yet-another-september-apple-event/,"An all-new iPhone variant, plus a long list of useful (if predictable) upgrades.",2025-09-08 09:02:30,arstechnica.com,
Porsche’s insanely clever hybrid engine comes to the 911 Turbo S,https://arstechnica.com/cars/2025/09/porsches-insanely-clever-hybrid-engine-comes-to-the-911-turbo-s/,The new 911 variant is 14 seconds quicker around the Nürburgring Nordschleife.,2025-09-08 09:02:30,arstechnica.com,
GOP may finally succeed in unrelenting quest to kill two NASA climate satellites,https://arstechnica.com/space/2025/09/gop-may-finally-succeed-in-unrelenting-quest-to-kill-two-nasa-climate-satellites/,One scientist says it's like buying a car and running it into a tree to save on gas money.,2025-09-08 09:02:30,arstechnica.com,
Who can get a COVID vaccine—and how? It’s complicated.,https://arstechnica.com/health/2025/09/who-can-get-a-covid-vaccine-and-how-its-complicated/,"We’re working with a patchwork system, and there are a lot of gray areas.",2025-09-08 09:02:30,arstechnica.com,
“First of its kind” AI settlement: Anthropic to pay authors $1.5 billion,https://arstechnica.com/tech-policy/2025/09/first-of-its-kind-ai-settlement-anthropic-to-pay-authors-1-5-billion/,Settlement shows AI companies can face consequences for pirated training data.,2025-09-08 09:02:30,arstechnica.com,
Best Labor Day Costco deals 2025,https://www.zdnet.com/article/best-costco-labor-day-deals-2025/,,2025-09-08 09:02:35,zdnet.com,
Best Labor Day Walmart deals 2025,https://www.zdnet.com/article/best-walmart-labor-day-deals-2025/,,2025-09-08 09:02:35,zdnet.com,
Best Labor Day phone deals 2025,https://www.zdnet.com/article/best-labor-day-phone-deals-2025/,,2025-09-08 09:02:35,zdnet.com,
Best Labor Day smartwatch deals 2025,https://www.zdnet.com/article/best-smartwatch-labor-day-deals-2025/,,2025-09-08 09:02:35,zdnet.com,
Best Pixel 10 & Pixel 10 Pro cases 2025,https://www.zdnet.com/article/best-google-pixel-10-cases/,,2025-09-08 09:02:35,zdnet.com,
Reclaiming the stack: Europe’s bid for digital sovereignty,https://thenextweb.com/news/digital-sovereignty-europe,,2025-09-08 09:02:40,thenextweb.com,
How Dutch startup Tap Electric is fixing EV charging chaos,https://thenextweb.com/news/tap-electric-ev-charging,,2025-09-08 09:02:40,thenextweb.com,
Startup wisdom: How to get your startup noticed — 5 principles to master,https://thenextweb.com/news/startup-wisdom-lize-hong-get-noticed,,2025-09-08 09:02:40,thenextweb.com,
Past the tipping point: Why the climate transition is now in our hands,https://thenextweb.com/news/past-tipping-point-climate-transition,,2025-09-08 09:02:40,thenextweb.com,
Sep 7‘The Conjuring: Last Rites’ Summons a Franchise-Best Box OfficeJustin Carter,https://gizmodo.com/the-conjuring-last-rites-summons-a-franchise-best-box-office-2000655105,Justin Carter,2025-09-08 09:02:44,gizmodo.com,
Sep 7Everything You Need to Know About the Full Moon Lunar Eclipse TonightEce Yildirim,https://gizmodo.com/everything-you-need-to-know-about-the-full-moon-lunar-eclipse-tonight-2000655078,Ece Yildirim,2025-09-08 09:02:44,gizmodo.com,
Sep 7The Creators of ‘Wednesday’ Tease Their Season 3 PlansJustin Carter,https://gizmodo.com/the-creators-of-wednesday-tease-their-season-3-plans-2000655049,Justin Carter,2025-09-08 09:02:44,gizmodo.com,
Sep 7Silicon Valley Tech Worker Fatally Shot After Allegedly Stabbing RoommateEce Yildirim,https://gizmodo.com/silicon-valley-tech-worker-fatally-shot-after-allegedly-stabbing-roommate-2000655099,Ece Yildirim,2025-09-08 09:02:44,gizmodo.com,
Sep 7AMC Hopes Its New Slash Pass Lures Horror Fans Into TheatersJustin Carter,https://gizmodo.com/amc-hopes-its-new-slash-pass-lures-horror-fans-into-theaters-2000655057,Justin Carter,2025-09-08 09:02:44,gizmodo.com,
Here Are the 5 Best VPNs in 2025,https://www.cnet.com/tech/services-and-software/best-vpn/,,2025-09-08 09:02:50,cnet.com,
Best Laptops for 2025,https://www.cnet.com/tech/computing/best-laptop/,,2025-09-08 09:02:50,cnet.com,
These Are the Best TVs in 2025,https://www.cnet.com/tech/home-entertainment/best-tv/,,2025-09-08 09:02:50,cnet.com,
Best Headphones We've Tested in 2025,https://www.cnet.com/tech/mobile/best-headphones/,,2025-09-08 09:02:50,cnet.com,
Best Meal Delivery Services of 2025,https://www.cnet.com/health/nutrition/best-meal-kit-delivery-service/,,2025-09-08 09:02:50,cnet.com,
Coupons,https://www.techradar.com/coupons,"Sign up for breaking news, reviews, opinion, top tech deals, and more.",2025-09-08 09:02:55,techradar.com,
More about how we test,https://www.techradar.com/news/how-we-test,You need to know that the device or service you’re about to spend money on works as advertised - and that it works in the real world.,2025-09-08 09:02:55,techradar.com,
Meet the TechRadar team,https://www.techradar.com/how-to/contact-us,"The TechRadar team has a life-long passion for the latest innovations – over 300 years of experience between us, in fact – and we’ve made it our mission to share that combined knowledge and expertise ...",2025-09-08 09:02:55,techradar.com,
More about TechRadar,https://www.techradar.com/news/about-us,TechRadar was launched in January 2008 with the goal of helping regular people navigate the world of technology. It quickly grew to become the UK's biggest consumer technology site.,2025-09-08 09:02:55,techradar.com,
"NYT Crossword: answers for Monday, September 8",https://www.digitaltrends.com/gaming/nyt-crossword-answers-september-7/,,2025-09-08 09:03:00,digitaltrends.com,
"NYT Crossword: answers for Monday, September 8",https://www.digitaltrends.com/gaming/nyt-crossword-answers-september-7/,,2025-09-08 09:03:00,digitaltrends.com,
"NYT Crossword: answers for Monday, September 8",https://www.digitaltrends.com/gaming/nyt-crossword-answers-september-7/,,2025-09-08 09:03:00,digitaltrends.com,
